INSERT INTO Content(ID, NAME, DIRECTOR, GENRE, PLOT_DESCRIPTION, POSTER_SRC, CONTENT_TYPE, YEAR_RELEASED)
VALUES (1, 'Aaron', 'Aaron Loeb', 'Documentary',
        'Aaron, a spirited adventurer, embarks on a life-changing expedition to explore the majestic mountains. Amidst rugged terrain and treacherous conditions, he unearths not only the secrets of nature but also the depths of his own soul. As he conquers towering peaks, Aaron discovers resilience, meaning, and the indomitable spirit of the human heart.',
        '/img/movieposters/aaron.jpg', 'Movie', 2021);

INSERT INTO Content(ID, NAME, DIRECTOR, GENRE, PLOT_DESCRIPTION, POSTER_SRC, CONTENT_TYPE, YEAR_RELEASED)
VALUES (2, 'Adrift', 'Chad Gibbons', 'Drama',
        'A romantic sea voyage turns perilous when a couple''s sailboat is ensnared in a fierce storm, leaving them marooned on the vast, unforgiving ocean. Stranded and tested, they must summon unyielding love and resourcefulness to navigate the challenges of the open sea. "Adrift" is an emotionally charged tale of survival, unity, and the enduring strength of the human bond.',
        '/img/movieposters/adrift.jpg', 'Movie', 2019);

INSERT INTO Content(ID, NAME, DIRECTOR, GENRE, PLOT_DESCRIPTION, POSTER_SRC, CONTENT_TYPE, YEAR_RELEASED)
VALUES (3, 'Agent', 'Neil Tran', 'Action',
        'In the clandestine world of espionage, a brilliant yet tormented secret agent is assigned the mission of a lifetime: dismantling a nefarious global crime syndicate. As he delves deeper into the intricate web of intrigue, he grapples with his inner demons, putting both the operation and his personal redemption at stake.',
        '/img/movieposters/agent.jpg', 'Movie', 2022);

INSERT INTO Content(ID, NAME, DIRECTOR, GENRE, PLOT_DESCRIPTION, POSTER_SRC, CONTENT_TYPE, YEAR_RELEASED)
VALUES (4, 'Basement', 'Rufus Stewart', 'Thriller',
        'Trapped in a sinister kidnapper''s subterranean lair, a young woman''s courage and cunning become her weapons of survival. To escape the clutches of her tormentor, she must unravel the kidnapper''s mind games and unearth the strength to reclaim her freedom. "Basement" is a gripping thriller of wit, determination, and escape.',
        '/img/movieposters/basement.jpg', 'Movie', 2024);

INSERT INTO Content(ID, NAME, DIRECTOR, GENRE, PLOT_DESCRIPTION, POSTER_SRC, CONTENT_TYPE, YEAR_RELEASED)
VALUES (5, 'Best Friend Forever', 'Aaron Loeb', 'Comedy',
        'The heartwarming narrative of three childhood friends takes center stage as they navigate the trials and tribulations of adulthood. A bond forged through a shared history of laughter, tears, and life-changing moments is tested as they confront the complexities of love, loss, and the relentless march of time. "Best Friend Forever" is a poignant exploration of friendship''s enduring power.',
        '/img/movieposters/best-friend-forever.jpg', 'Movie', 2023);

INSERT INTO Content(ID, NAME, DIRECTOR, GENRE, PLOT_DESCRIPTION, POSTER_SRC, CONTENT_TYPE, YEAR_RELEASED)
VALUES (6, 'Bizzarre Dimension', 'Yael Amari', 'Action',
        'A daring expedition inadvertently transports explorers to a strange and unpredictable alternate dimension. Faced with surreal landscapes, they grapple with the rules of this bizarre realm. Driven by an urgent need to find their way back home, the team must harness their collective ingenuity to unravel the mysteries of this extraordinary place.',
        '/img/movieposters/bizzare-dimension.jpg', 'Movie', 2023);

INSERT INTO Content(ID, NAME, DIRECTOR, GENRE, PLOT_DESCRIPTION, POSTER_SRC, CONTENT_TYPE, YEAR_RELEASED)
VALUES (7, 'Demon', 'Neil Tran', 'Drama',
        'The harrowing journey of a young woman battling addiction unravels a tale of personal demons. Struggling to overcome her inner darkness, she navigates the treacherous path to recovery. As she confronts her own demons and those of her past, her journey toward redemption becomes a testament to the strength of the human spirit.',
        '/img/movieposters/demon.jpg', 'Movie', 2020);

INSERT INTO Content(ID, NAME, DIRECTOR, GENRE, PLOT_DESCRIPTION, POSTER_SRC, CONTENT_TYPE, YEAR_RELEASED)
VALUES (8, 'End Of The Sea', 'Shawn Garcia', 'Drama',
        'In a quaint coastal village, a close-knit group of fishermen finds themselves stranded at sea due to a sudden catastrophe. They must confront their deepest fears and band together to navigate the vast, unforgiving ocean. "End of the Sea" is an epic tale of courage, resilience, and the indomitable spirit of humanity.',
        '/img/movieposters/end-of-the-sea.jpg', 'Movie', 2023);

INSERT INTO Content(ID, NAME, DIRECTOR, GENRE, PLOT_DESCRIPTION, POSTER_SRC, CONTENT_TYPE, YEAR_RELEASED)
VALUES (9, 'Faith', 'Aaron Loeb', 'Drama',
        'Set against the backdrop of World War II, "Faith" chronicles the life of a courageous American soldier whose unwavering faith in the goodness of humanity becomes a guiding light for his fellow troops. In the midst of the chaos and brutality of war, his unwavering spirit ignites the belief that they can triumph over adversity and return to the arms of their loved ones.',
        '/img/movieposters/faith.jpg', 'Movie', 2019);

INSERT INTO Content(ID, NAME, DIRECTOR, GENRE, PLOT_DESCRIPTION, POSTER_SRC, CONTENT_TYPE, YEAR_RELEASED)
VALUES (10, 'Flying Without Wings', 'Teddy Yu', 'Drama',
        'An elite special forces unit is known for their high-altitude skydiving prowess. With unmatched skills, they undertake daring missions, leaping into danger zones with unwavering resolve. In their breathtaking descent from the sky, they discover the true essence of bravery and brotherhood, demonstrating that they are truly "Flying Without Wings."',
        '/img/movieposters/flying-without-wings.jpg', 'Movie', 2019);

INSERT INTO Content(ID, NAME, DIRECTOR, GENRE, PLOT_DESCRIPTION, POSTER_SRC, CONTENT_TYPE, YEAR_RELEASED)
VALUES (11, 'Gold', 'Neil Tran', 'Western',
        'In the untamed American West, a cunning and charismatic woman with a knack for fortune pursues her dreams of striking it rich. As she weaves her way into the lives of prospectors and swindlers, her journey to acquire gold unearths both treasure and treachery. "Gold" is an enthralling tale of ambition, deception, and a woman''s relentless pursuit of wealth.',
        '/img/movieposters/gold.jpg', 'Movie', 2018);

INSERT INTO Content(ID, NAME, DIRECTOR, GENRE, PLOT_DESCRIPTION, POSTER_SRC, CONTENT_TYPE, YEAR_RELEASED)
VALUES (12, 'Highway', 'Chad Gibbons', 'Action',
        'Set in the exhilarating world of classic auto racing, a fearless pilot races against time and competitors, determined to secure victory in one of the most challenging races of his career. The racecourse becomes the arena for speed, rivalry, and the pursuit of glory, where every turn could lead to triumph or tragedy.',
        '/img/movieposters/highway.jpg', 'Movie', 2018);

INSERT INTO Content(ID, NAME, DIRECTOR, GENRE, PLOT_DESCRIPTION, POSTER_SRC, CONTENT_TYPE, YEAR_RELEASED)
VALUES (13, 'Island', 'Lars Peeters', 'Drama',
        'When a boat becomes stranded on a remote island, a diverse group of passengers must unite to survive. As they adapt to their harsh new environment, they uncover hidden strengths and form unexpected bonds. "Island" is a riveting story of resilience, camaraderie, and the human spirit''s capacity to conquer adversity.',
        '/img/movieposters/island.jpg', 'Movie', 2015);

INSERT INTO Content(ID, NAME, DIRECTOR, GENRE, PLOT_DESCRIPTION, POSTER_SRC, CONTENT_TYPE, YEAR_RELEASED)
VALUES (14, 'Journey', 'Dani Martines', 'Adventure',
        'A young man embarks on a cross-country road trip, seeking adventure, self-discovery, and a deeper understanding of life in America. Along the way, he encounters a colorful cast of characters, each leaving an indelible mark on his journey. Through the vast landscapes and shared moments, he finds that the road to self-discovery is an odyssey of connections and revelations.',
        '/img/movieposters/journey.jpg', 'Movie', 2023);

INSERT INTO Content(ID, NAME, DIRECTOR, GENRE, PLOT_DESCRIPTION, POSTER_SRC, CONTENT_TYPE, YEAR_RELEASED)
VALUES (15, 'Monster', 'Neil Tran', 'Horror',
        'Isolation becomes a man''s only companion as he takes refuge in a solitary forest, seeking refuge from the outside world. As his days turn into a repetitive existence, he begins to confront the inner demons that led him to this desolate existence. "Monster" is a haunting exploration of solitude, self-discovery, and the human capacity for transformation.',
        '/img/movieposters/monster.jpg', 'Movie', 2010);

INSERT INTO Content(ID, NAME, DIRECTOR, GENRE, PLOT_DESCRIPTION, POSTER_SRC, CONTENT_TYPE, YEAR_RELEASED)
VALUES (16, 'Mystery', 'Aaroon Loeb', 'Thriller',
        'In a tranquil small town, the sudden disappearance of a beloved local figure sends shockwaves through the community. As neighbors and friends grapple with the eerie puzzle, they unearth a web of secrets and suspicions. "Mystery" is a suspenseful journey through a town''s darkest corners, where truth and deception blur.',
        '/img/movieposters/mystery.jpg', 'Movie', 2008);

INSERT INTO Content(ID, NAME, DIRECTOR, GENRE, PLOT_DESCRIPTION, POSTER_SRC, CONTENT_TYPE, YEAR_RELEASED)
VALUES (17, 'Mystery Of Forest', 'Taylor Alonso', 'Adventure',
        'Deep within an enchanting forest, curious creatures with peculiar powers inhabit the realm, hidden from the human world. When an inquisitive young explorer stumbles upon this mystifying domain, he unravels the extraordinary and otherworldly secrets concealed within. "Mystery of the Forest" is an awe-inspiring tale of wonder, magic, and the bonds that connect all living beings.',
        '/img/movieposters/mystery-of-forest.jpg', 'Movie', 2022);

INSERT INTO Content(ID, NAME, DIRECTOR, GENRE, PLOT_DESCRIPTION, POSTER_SRC, CONTENT_TYPE, YEAR_RELEASED)
VALUES (18, 'Never Land', 'Nakashi Namamoto', 'Science Fiction',
        'In a near-future era of space exploration, a crew of intrepid astronauts embarks on a perilous mission to a distant star system. Their journey leads them into the uncharted realms of the cosmos, where they discover that the boundaries of reality and time are far from what they seem. "Never Land" is a mesmerizing sci-fi odyssey into the unknown.',
        '/img/movieposters/never-land.jpg', 'Movie', 2024);

INSERT INTO Content(ID, NAME, DIRECTOR, GENRE, PLOT_DESCRIPTION, POSTER_SRC, CONTENT_TYPE, YEAR_RELEASED)
VALUES (19, 'Nun', 'Neil Tran', 'Drama',
        'A woman''s spiritual calling leads her to devote her life to the church, where she becomes a nun. Through a life of faith and service, she confronts the complexities of her own humanity and the divine purpose that guides her journey. "Nun" is a contemplative and introspective exploration of one woman''s unwavering devotion.',
        '/img/movieposters/nun.jpg', 'Movie', 2019);

INSERT INTO Content(ID, NAME, DIRECTOR, GENRE, PLOT_DESCRIPTION, POSTER_SRC, CONTENT_TYPE, YEAR_RELEASED)
VALUES (20, 'One Night For Love', 'Rufus Stewart', 'Romantic',
        'In the heart of a bustling city, a chance encounter between two souls sets the stage for a night that will change their lives forever. As they navigate the streets, they unearth a profound connection, revealing that love can be discovered in the most unexpected places. "One Night for Love" is a captivating tale of serendipity and the transformative power of connection.',
        '/img/movieposters/one-night-for-love.jpg', 'Movie', 2023);

INSERT INTO Content(ID, NAME, DIRECTOR, GENRE, PLOT_DESCRIPTION, POSTER_SRC, CONTENT_TYPE, YEAR_RELEASED)
VALUES (21, 'Space Door', 'Nakashi Namamoto', 'Science Fiction',
        'In a world marked by advanced space travel, a team of daring astronauts embarks on a groundbreaking mission to unlock the secrets of a mysterious cosmic anomaly known as the "Space Door." As they traverse this enigmatic portal, they discover that the universe is far more complex and unpredictable than they ever imagined.',
        '/img/movieposters/space-door.jpg', 'Movie', 2017);

INSERT INTO Content(ID, NAME, DIRECTOR, GENRE, PLOT_DESCRIPTION, POSTER_SRC, CONTENT_TYPE, YEAR_RELEASED)
VALUES (22, 'The Rundown', 'Drew Feig', 'Action',
        'A man on the run from the law races through the labyrinthine streets of a sprawling city, where every corner holds a new threat and every choice determines his fate. In his frantic pursuit of escape, he must outsmart the relentless pursuit of the police, surviving a relentless game of cat and mouse.',
        '/img/movieposters/the-rundown.jpg', 'Movie', 2024);

INSERT INTO Content(ID, NAME, DIRECTOR, GENRE, PLOT_DESCRIPTION, POSTER_SRC, CONTENT_TYPE, YEAR_RELEASED)
VALUES (23, 'Time Travel', 'Taylor Alonso', 'Science Fiction',
        'In a world where time manipulation is a reality, a brilliant scientist discovers a hidden flaw in the temporal fabric. Faced with a looming catastrophe, she embarks on a perilous journey through time, confronting paradoxes and unraveling the very essence of reality itself. "Time Travel" is a mind-bending sci-fi exploration of the consequences of tampering with the past.',
        '/img/movieposters/time-travel.jpg', 'Movie', 2020);

INSERT INTO Content(ID, NAME, DIRECTOR, GENRE, PLOT_DESCRIPTION, POSTER_SRC, CONTENT_TYPE, YEAR_RELEASED)
VALUES (24, 'UFO', 'Nakashi Namamoto', 'Science Fiction',
        'A riveting documentary delves into the enigmatic world of unidentified flying objects (UFOs), featuring eyewitness accounts, declassified government documents, and scientific analyses. "UFO" offers a compelling examination of the mysteries that continue to intrigue humanity.',
        '/img/movieposters/ufo.jpg', 'Movie', 2024);

INSERT INTO Content(ID, NAME, DIRECTOR, GENRE, PLOT_DESCRIPTION, POSTER_SRC, CONTENT_TYPE, YEAR_RELEASED)
VALUES (25, 'Vampire', 'Pedro Fernandes', 'Thriller',
        'A young woman becomes entangled in a world of immortal beings, as she navigates her transformation into a vampire. She grapples with newfound powers, desires, and the eternal question of morality. "Vampire" is a dark and thrilling journey into a world where life and death intertwine.',
        '/img/movieposters/vampire.jpg', 'Movie', 2023);

INSERT INTO Content(ID, NAME, DIRECTOR, GENRE, PLOT_DESCRIPTION, POSTER_SRC, CONTENT_TYPE, YEAR_RELEASED)
VALUES (26, 'Walk Alone', 'Yves Fauget', 'Drama',
        'Amid the bustling anonymity of a city, a solitary figure moves through the urban landscape, shrouded in mystery. As the loner''s path intersects with various lives and stories, the city itself becomes a character, revealing that even in solitude, one is never truly alone.',
        '/img/movieposters/walk-alone.jpg', 'Movie', 2024);

INSERT INTO Content(ID, NAME, DIRECTOR, GENRE, PLOT_DESCRIPTION, POSTER_SRC, CONTENT_TYPE, YEAR_RELEASED)
VALUES (27, 'We Are Not Different', 'Alonso Gutierrez', 'Documentary',
        'A captivating wildlife documentary transports viewers into the heart of untamed nature. It explores the astounding behaviors, struggles, and relationships of wild animals, illustrating that despite differences in species, the bonds and challenges they face are often parallel to those experienced by humans.',
        '/img/movieposters/we-are-not-different.jpg', 'Movie', 2016);

INSERT INTO Content(ID, NAME, DIRECTOR, GENRE, PLOT_DESCRIPTION, POSTER_SRC, CONTENT_TYPE, YEAR_RELEASED)
VALUES (28, 'Who', 'Nakashi Namamoto', 'Thriller',
        'A man awakens with amnesia, devoid of memories and identity. Determined to piece together his past, he embarks on a quest to uncover the truth. As he encounters a web of enigmas and hidden agendas, his journey to self-discovery becomes a race against time and forces beyond his control.',
        '/img/movieposters/who.jpg', 'Movie', 2013);

INSERT INTO Content(ID, NAME, DIRECTOR, GENRE, PLOT_DESCRIPTION, POSTER_SRC, CONTENT_TYPE, YEAR_RELEASED)
VALUES (29, 'Wild Forest', 'Samira Hadid', 'Adventure',
        'Escaping the constraints of modern life, a person abandons civilization to live a simple, solitary existence in a remote forest. In this untouched wilderness, they grapple with the challenges of survival, forge a unique connection with the natural world, and unearth the mysteries lurking within the depths of the wild.',
        '/img/movieposters/wild-forest.jpg', 'Movie', 2015);

INSERT INTO Content(ID, NAME, DIRECTOR, GENRE, PLOT_DESCRIPTION, POSTER_SRC, CONTENT_TYPE, YEAR_RELEASED)
VALUES (30, 'Wood', 'Sebastian Bennet', 'Horror',
        'Within the depths of an ancient, uncharted forest, peculiar creatures thrive, hidden from human eyes. When an expedition ventures into the heart of this mystifying woodland, they discover that the forest holds not only beauty but also a darker realm inhabited by enigmatic beings. In "Wood," the boundaries between reality and myth blur, leading to a chilling exploration of the unknown.',
        '/img/movieposters/wood.jpg', 'Movie', 2023);

-- Inserts for Content table for Shows
INSERT INTO Content(ID, NAME, DIRECTOR, GENRE, PLOT_DESCRIPTION, POSTER_SRC, CONTENT_TYPE, FIRST_YEAR_AIRED, LAST_YEAR_AIRED, NUMBER_OF_SEASONS)
VALUES (31, 'Animus', 'Neil Tran', 'Lifestyle', 'Join an amateur painter as he embarks on a passionate journey to turn his artistic hobby into a thriving profession. Witness his struggles, creative breakthroughs, and encounters with the art world''s elite.', '/img/showposters/animus.jpg', 'Show', 2018, 2020, 2);

INSERT INTO Content(ID, NAME, DIRECTOR, GENRE, PLOT_DESCRIPTION, POSTER_SRC, CONTENT_TYPE, FIRST_YEAR_AIRED, LAST_YEAR_AIRED, NUMBER_OF_SEASONS)
VALUES (32, 'Journey To The Peak', 'Avery Davis', 'Adventure', 'Follow the thrilling adventures of a courageous woman who globe-trots to conquer the world''s most formidable mountains. Experience the triumphs, physical challenges, and emotional highs of her quest for the ultimate peak.', '/img/showposters/journey-to-the-peak.jpg', 'Show', 2016, 2020, 4);

INSERT INTO Content(ID, NAME, DIRECTOR, GENRE, PLOT_DESCRIPTION, POSTER_SRC, CONTENT_TYPE, FIRST_YEAR_AIRED, LAST_YEAR_AIRED, NUMBER_OF_SEASONS)
VALUES (33, 'Love At First Sight', 'Greta Mae Evans', 'Reality', 'Enter the whirlwind world of reality dating as contestants search for love. With spontaneous encounters and heartfelt connections, they''ll discover if love can truly strike at first sight.', '/img/showposters/love-at-first-sight.jpg', 'Show', 2022, 2023, 1);

INSERT INTO Content(ID, NAME, DIRECTOR, GENRE, PLOT_DESCRIPTION, POSTER_SRC, CONTENT_TYPE, FIRST_YEAR_AIRED, LAST_YEAR_AIRED, NUMBER_OF_SEASONS)
VALUES (34, 'Midtown', 'Neil Tran', 'Adventure', 'Travel with an investigative reporter exploring major cities worldwide. Discover the hidden stories, unique cultures, and captivating people that define the world''s bustling metropolises.', '/img/showposters/midtown.jpg', 'Show', 2019, 2023, 4);

INSERT INTO Content(ID, NAME, DIRECTOR, GENRE, PLOT_DESCRIPTION, POSTER_SRC, CONTENT_TYPE, FIRST_YEAR_AIRED, LAST_YEAR_AIRED, NUMBER_OF_SEASONS)
VALUES (35, 'Never Be Alone', 'Lorna Alvarado', 'Adventure', 'Accompany a nature photographer on breathtaking journeys to capture elusive exotic animals. Witness close encounters with wildlife as the lens captures the raw beauty of nature.', '/img/showposters/never-be-alone.jpg', 'Show', 2024, 2024, 1);

INSERT INTO Content(ID, NAME, DIRECTOR, GENRE, PLOT_DESCRIPTION, POSTER_SRC, CONTENT_TYPE, FIRST_YEAR_AIRED, LAST_YEAR_AIRED, NUMBER_OF_SEASONS)
VALUES (36, 'Raw', 'Neil Tran', 'Action', 'Step into the brutal world of MMA fighting. Follow the grueling training, rivalries, and intense bouts of a dedicated fighter on their path to glory.', '/img/showposters/raw.jpg', 'Show', 2018, 2022, 2);

INSERT INTO Content(ID, NAME, DIRECTOR, GENRE, PLOT_DESCRIPTION, POSTER_SRC, CONTENT_TYPE, FIRST_YEAR_AIRED, LAST_YEAR_AIRED, NUMBER_OF_SEASONS)
VALUES (37, 'Silent Street', 'Alfredo Torres', 'Reality', 'Delve into the darkest mysteries and unsolved crimes, from kidnappings to violent acts. Uncover chilling details and shocking revelations in a suspenseful journey to solve the unsolvable.', '/img/showposters/silent-street.jpg', 'Show', 2019, 2024, 5);

INSERT INTO Content(ID, NAME, DIRECTOR, GENRE, PLOT_DESCRIPTION, POSTER_SRC, CONTENT_TYPE, FIRST_YEAR_AIRED, LAST_YEAR_AIRED, NUMBER_OF_SEASONS)
VALUES (38, 'Speed', 'Neil Tran', 'Action', 'Join a fearless female F1 racer as she strives to break through the male-dominated world of motorsport. Witness her passion, determination, and dreams of becoming a professional racer.', '/img/showposters/speed.jpg', 'Show', 2022, 2023, 1);

INSERT INTO Content(ID, NAME, DIRECTOR, GENRE, PLOT_DESCRIPTION, POSTER_SRC, CONTENT_TYPE, FIRST_YEAR_AIRED, LAST_YEAR_AIRED, NUMBER_OF_SEASONS)
VALUES (39, 'The Talk', 'Olivia Wilson', 'Reality', 'Experience intriguing conversations as a charismatic host invites a diverse array of fascinating guests, discussing a wide range of topics from culture and society to personal stories and inspiration.', '/img/showposters/the-talk.jpg', 'Show', 2018, 2023, 5);

INSERT INTO Content(ID, NAME, DIRECTOR, GENRE, PLOT_DESCRIPTION, POSTER_SRC, CONTENT_TYPE, FIRST_YEAR_AIRED, LAST_YEAR_AIRED, NUMBER_OF_SEASONS)
VALUES (40, 'The Train Of Love', 'Aaron Loeb', 'Adventure', 'Follow a young woman''s life-changing adventure as she embarks on a cross-country journey by train. Explore America''s diverse landscapes, meet unique characters, and witness her search for a new place to call home.', '/img/showposters/the-train-of-love.jpg', 'Show', 2022, 2023, 1);

--ACTOR INSERTS
INSERT INTO ACTOR(ID, FIRST_NAME, LAST_NAME)
VALUES (1, 'Aaron', 'Loeb'),
       (2, 'Brigitte', 'Schwartz'),
       (3, 'Claudia', 'Alves'),
       (4, 'Daniel', 'Gallego'),
       (5, 'Taylor', 'Alonso'),
       (6, 'Teddy', 'Yu'),
       (7, 'Shawn', 'Garcia'),
       (8, 'Jacqueline', 'Thompson'),
       (9, 'Alfred', 'Johnson'),
       (10, 'Sarah', 'Hansen'),
       (11, 'Michael', 'Browning'),
       (12, 'Lars', 'Peeters'),
       (13, 'Drew', 'Feig'),
       (14, 'Samira', 'Hadid'),
       (15, 'Chidi', 'Eze'),
       (16, 'Sacha', 'Dubois'),
       (17, 'Harper', 'Russo'),
       (18, 'Isabel', 'Mercado'),
       (19, 'Yael', 'Amari'),
       (20, 'Rachelle', 'Beaudry'),
       (21, 'Hannah', 'Morales'),
       (22, 'Morgan', 'Maxwell'),
       (23, 'Chad', 'Gibbons'),
       (24, 'François', 'Mercer'),
       (25, 'Helene', 'Paquet'),
       (26, 'Estelle', 'Darcy'),
       (27, 'Francisco', 'Andrade'),
       (28, 'Julianna', 'Silva'),
       (29, 'Pedro', 'Fernandes'),
       (30, 'Lorna', 'Alvarado'),
       (31, 'Kim Chun', 'Hei'),
       (32, 'Phyllis', 'Schwaiger'),
       (33, 'Rosa Maria', 'Aguado'),
       (34, 'Olivia', 'Wilson'),
       (35, 'Sebastian', 'Bennet'),
       (36, 'Noah', 'Schumacher'),
       (37, 'Olivia', 'Will'),
       (38, 'Nakashi', 'Nahamoto'),
       (39, 'William', 'Smash'),
       (40, 'Cahaya', 'Dewi'),
       (41, 'Reese', 'Miller'),
       (42, 'Noah', 'Lovegood'),
       (43, 'Helena', 'Paquet'),
       (44, 'Greta Mae', 'Evans'),
       (45, 'Yanis', 'Petros'),
       (46, 'Cia', 'Rodriguez'),
       (47, 'Margerita', 'Perez'),
       (48, 'Henrietta', 'Mitchell'),
       (49, 'Dani', 'Martinez'),
       (50, 'Jamie', 'Chastain'),
       (51, 'Adora', 'Montminy'),
       (52, 'Brigitte', 'Schwartz'),
       (53, 'Adeline', 'Palmerston'),
       (54, 'Mariana', 'Napolitani'),
       (55, 'Rufus', 'Stewart'),
       (56, 'Jackson', 'Moore'),
       (57, 'Penelope', 'Archibald'),
       (58, 'Matthew', 'Greene'),
       (59, 'Albert', 'Jeori'),
       (60, 'Alfredo', 'Torres'),
       (61, 'Chiaki', 'Sato'),
       (62, 'Avery', 'Davis'),
       (63, 'Kimberly', 'Nguyen');


INSERT INTO CONTENT_ACTOR (CONTENT_ID, ACTOR_ID) VALUES (1,1);
INSERT INTO CONTENT_ACTOR (CONTENT_ID, ACTOR_ID) VALUES (1,2);
INSERT INTO CONTENT_ACTOR (CONTENT_ID, ACTOR_ID) VALUES (1,3);
INSERT INTO CONTENT_ACTOR (CONTENT_ID, ACTOR_ID) VALUES (1, 4);
INSERT INTO CONTENT_ACTOR (CONTENT_ID, ACTOR_ID) VALUES (1, 5);
INSERT INTO CONTENT_ACTOR (CONTENT_ID, ACTOR_ID) VALUES (1, 6);
INSERT INTO CONTENT_ACTOR (CONTENT_ID, ACTOR_ID) VALUES (1, 7);
INSERT INTO CONTENT_ACTOR (CONTENT_ID, ACTOR_ID) VALUES (1, 8);
INSERT INTO CONTENT_ACTOR (CONTENT_ID, ACTOR_ID) VALUES (2,9);
INSERT INTO CONTENT_ACTOR (CONTENT_ID, ACTOR_ID) VALUES (2,10);
INSERT INTO CONTENT_ACTOR (CONTENT_ID, ACTOR_ID) VALUES (2,11);
INSERT INTO CONTENT_ACTOR (CONTENT_ID, ACTOR_ID) VALUES (3,12);
INSERT INTO CONTENT_ACTOR (CONTENT_ID, ACTOR_ID) VALUES (3,13);
INSERT INTO CONTENT_ACTOR (CONTENT_ID, ACTOR_ID) VALUES (3,14);
INSERT INTO CONTENT_ACTOR (CONTENT_ID, ACTOR_ID) VALUES (4,15);
INSERT INTO CONTENT_ACTOR (CONTENT_ID, ACTOR_ID) VALUES (4,16);
INSERT INTO CONTENT_ACTOR (CONTENT_ID, ACTOR_ID) VALUES (4,17);
INSERT INTO CONTENT_ACTOR (CONTENT_ID, ACTOR_ID) VALUES (5,52);
INSERT INTO CONTENT_ACTOR (CONTENT_ID, ACTOR_ID) VALUES (5,53);
INSERT INTO CONTENT_ACTOR (CONTENT_ID, ACTOR_ID) VALUES (5,54);
INSERT INTO CONTENT_ACTOR (CONTENT_ID, ACTOR_ID) VALUES (6,8);
INSERT INTO CONTENT_ACTOR (CONTENT_ID, ACTOR_ID) VALUES (6,11);
INSERT INTO CONTENT_ACTOR (CONTENT_ID, ACTOR_ID) VALUES (6,12);
INSERT INTO CONTENT_ACTOR (CONTENT_ID, ACTOR_ID) VALUES (7,12);
INSERT INTO CONTENT_ACTOR (CONTENT_ID, ACTOR_ID) VALUES (7,13);
INSERT INTO CONTENT_ACTOR (CONTENT_ID, ACTOR_ID) VALUES (7,14);
INSERT INTO CONTENT_ACTOR (CONTENT_ID, ACTOR_ID) VALUES (8,5);
INSERT INTO CONTENT_ACTOR (CONTENT_ID, ACTOR_ID) VALUES (8,12);
INSERT INTO CONTENT_ACTOR (CONTENT_ID, ACTOR_ID) VALUES (8,18);
INSERT INTO CONTENT_ACTOR (CONTENT_ID, ACTOR_ID) VALUES (9,15);
INSERT INTO CONTENT_ACTOR (CONTENT_ID, ACTOR_ID) VALUES (9,12);
INSERT INTO CONTENT_ACTOR (CONTENT_ID, ACTOR_ID) VALUES (9,3);
INSERT INTO CONTENT_ACTOR (CONTENT_ID, ACTOR_ID) VALUES (10,12);
INSERT INTO CONTENT_ACTOR (CONTENT_ID, ACTOR_ID) VALUES (10,19);
INSERT INTO CONTENT_ACTOR (CONTENT_ID, ACTOR_ID) VALUES (11,12);
INSERT INTO CONTENT_ACTOR (CONTENT_ID, ACTOR_ID) VALUES (11,13);
INSERT INTO CONTENT_ACTOR (CONTENT_ID, ACTOR_ID) VALUES (11,14);
INSERT INTO CONTENT_ACTOR (CONTENT_ID, ACTOR_ID) VALUES (12,12);
INSERT INTO CONTENT_ACTOR (CONTENT_ID, ACTOR_ID) VALUES (12,13);
INSERT INTO CONTENT_ACTOR (CONTENT_ID, ACTOR_ID) VALUES (12,14);
INSERT INTO CONTENT_ACTOR (CONTENT_ID, ACTOR_ID) VALUES (13,18);
INSERT INTO CONTENT_ACTOR (CONTENT_ID, ACTOR_ID) VALUES (13,20);
INSERT INTO CONTENT_ACTOR (CONTENT_ID, ACTOR_ID) VALUES (13,21);
INSERT INTO CONTENT_ACTOR (CONTENT_ID, ACTOR_ID) VALUES (14,4);
INSERT INTO CONTENT_ACTOR (CONTENT_ID, ACTOR_ID) VALUES (14,22);
INSERT INTO CONTENT_ACTOR (CONTENT_ID, ACTOR_ID) VALUES (14,23);
INSERT INTO CONTENT_ACTOR (CONTENT_ID, ACTOR_ID) VALUES (15,12);
INSERT INTO CONTENT_ACTOR (CONTENT_ID, ACTOR_ID) VALUES (15,13);
INSERT INTO CONTENT_ACTOR (CONTENT_ID, ACTOR_ID) VALUES (15,14);
INSERT INTO CONTENT_ACTOR (CONTENT_ID, ACTOR_ID) VALUES (16,34);
INSERT INTO CONTENT_ACTOR (CONTENT_ID, ACTOR_ID) VALUES (16,35);
INSERT INTO CONTENT_ACTOR (CONTENT_ID, ACTOR_ID) VALUES (16,3);
INSERT INTO CONTENT_ACTOR (CONTENT_ID, ACTOR_ID) VALUES (17,29);
INSERT INTO CONTENT_ACTOR (CONTENT_ID, ACTOR_ID) VALUES (17,32);
INSERT INTO CONTENT_ACTOR (CONTENT_ID, ACTOR_ID) VALUES (17,36);
INSERT INTO CONTENT_ACTOR (CONTENT_ID, ACTOR_ID) VALUES (18,37);
INSERT INTO CONTENT_ACTOR (CONTENT_ID, ACTOR_ID) VALUES (18,38);
INSERT INTO CONTENT_ACTOR (CONTENT_ID, ACTOR_ID) VALUES (18,39);
INSERT INTO CONTENT_ACTOR (CONTENT_ID, ACTOR_ID) VALUES (19,12);
INSERT INTO CONTENT_ACTOR (CONTENT_ID, ACTOR_ID) VALUES (19,13);
INSERT INTO CONTENT_ACTOR (CONTENT_ID, ACTOR_ID) VALUES (19,14);
INSERT INTO CONTENT_ACTOR (CONTENT_ID, ACTOR_ID) VALUES (20,26);
INSERT INTO CONTENT_ACTOR (CONTENT_ID, ACTOR_ID) VALUES (20,49);
INSERT INTO CONTENT_ACTOR (CONTENT_ID, ACTOR_ID) VALUES (20,40);
INSERT INTO CONTENT_ACTOR (CONTENT_ID, ACTOR_ID) VALUES (21,8);
INSERT INTO CONTENT_ACTOR (CONTENT_ID, ACTOR_ID) VALUES (21,20);
INSERT INTO CONTENT_ACTOR (CONTENT_ID, ACTOR_ID) VALUES (21,40);
INSERT INTO CONTENT_ACTOR (CONTENT_ID, ACTOR_ID) VALUES (22,41);
INSERT INTO CONTENT_ACTOR (CONTENT_ID, ACTOR_ID) VALUES (22,16);
INSERT INTO CONTENT_ACTOR (CONTENT_ID, ACTOR_ID) VALUES (23,45);
INSERT INTO CONTENT_ACTOR (CONTENT_ID, ACTOR_ID) VALUES (23,2);
INSERT INTO CONTENT_ACTOR (CONTENT_ID, ACTOR_ID) VALUES (23,19);
INSERT INTO CONTENT_ACTOR (CONTENT_ID, ACTOR_ID) VALUES (24,37);
INSERT INTO CONTENT_ACTOR (CONTENT_ID, ACTOR_ID) VALUES (24,38);
INSERT INTO CONTENT_ACTOR (CONTENT_ID, ACTOR_ID) VALUES (24,39);
INSERT INTO CONTENT_ACTOR (CONTENT_ID, ACTOR_ID) VALUES (24,42);
INSERT INTO CONTENT_ACTOR (CONTENT_ID, ACTOR_ID) VALUES (25,26);
INSERT INTO CONTENT_ACTOR (CONTENT_ID, ACTOR_ID) VALUES (25,28);
INSERT INTO CONTENT_ACTOR (CONTENT_ID, ACTOR_ID) VALUES (25,43);
INSERT INTO CONTENT_ACTOR (CONTENT_ID, ACTOR_ID) VALUES (26,44);
INSERT INTO CONTENT_ACTOR (CONTENT_ID, ACTOR_ID) VALUES (26,45);
INSERT INTO CONTENT_ACTOR (CONTENT_ID, ACTOR_ID) VALUES (26,46);
INSERT INTO CONTENT_ACTOR (CONTENT_ID, ACTOR_ID) VALUES (26,26);
INSERT INTO CONTENT_ACTOR (CONTENT_ID, ACTOR_ID) VALUES (27,9);
INSERT INTO CONTENT_ACTOR (CONTENT_ID, ACTOR_ID) VALUES (28,37);
INSERT INTO CONTENT_ACTOR (CONTENT_ID, ACTOR_ID) VALUES (28,38);
INSERT INTO CONTENT_ACTOR (CONTENT_ID, ACTOR_ID) VALUES (28,42);
INSERT INTO CONTENT_ACTOR (CONTENT_ID, ACTOR_ID) VALUES (29,32);
INSERT INTO CONTENT_ACTOR (CONTENT_ID, ACTOR_ID) VALUES (29,47);
INSERT INTO CONTENT_ACTOR (CONTENT_ID, ACTOR_ID) VALUES (29,48);
INSERT INTO CONTENT_ACTOR (CONTENT_ID, ACTOR_ID) VALUES (30,49);
INSERT INTO CONTENT_ACTOR (CONTENT_ID, ACTOR_ID) VALUES (30,50);
INSERT INTO CONTENT_ACTOR (CONTENT_ID, ACTOR_ID) VALUES (30,5);
INSERT INTO CONTENT_ACTOR (CONTENT_ID, ACTOR_ID) VALUES (31,13);
INSERT INTO CONTENT_ACTOR (CONTENT_ID, ACTOR_ID) VALUES (32,62);
INSERT INTO CONTENT_ACTOR (CONTENT_ID, ACTOR_ID) VALUES (32,63);
INSERT INTO CONTENT_ACTOR (CONTENT_ID, ACTOR_ID) VALUES (32,3);
INSERT INTO CONTENT_ACTOR (CONTENT_ID, ACTOR_ID) VALUES (33,53);
INSERT INTO CONTENT_ACTOR (CONTENT_ID, ACTOR_ID) VALUES (33,35);
INSERT INTO CONTENT_ACTOR (CONTENT_ID, ACTOR_ID) VALUES (34,12);
INSERT INTO CONTENT_ACTOR (CONTENT_ID, ACTOR_ID) VALUES (34,13);
INSERT INTO CONTENT_ACTOR (CONTENT_ID, ACTOR_ID) VALUES (34,14);
INSERT INTO CONTENT_ACTOR (CONTENT_ID, ACTOR_ID) VALUES (35,4);
INSERT INTO CONTENT_ACTOR (CONTENT_ID, ACTOR_ID) VALUES (35,32);
INSERT INTO CONTENT_ACTOR (CONTENT_ID, ACTOR_ID) VALUES (35,54);
INSERT INTO CONTENT_ACTOR (CONTENT_ID, ACTOR_ID) VALUES (36,59);
INSERT INTO CONTENT_ACTOR (CONTENT_ID, ACTOR_ID) VALUES (37,30);
INSERT INTO CONTENT_ACTOR (CONTENT_ID, ACTOR_ID) VALUES (37,22);
INSERT INTO CONTENT_ACTOR (CONTENT_ID, ACTOR_ID) VALUES (37,46);
INSERT INTO CONTENT_ACTOR (CONTENT_ID, ACTOR_ID) VALUES (37,55);
INSERT INTO CONTENT_ACTOR (CONTENT_ID, ACTOR_ID) VALUES (38,12);
INSERT INTO CONTENT_ACTOR (CONTENT_ID, ACTOR_ID) VALUES (38,13);
INSERT INTO CONTENT_ACTOR (CONTENT_ID, ACTOR_ID) VALUES (38,14);
INSERT INTO CONTENT_ACTOR (CONTENT_ID, ACTOR_ID) VALUES (39,56);
INSERT INTO CONTENT_ACTOR (CONTENT_ID, ACTOR_ID) VALUES (39,57);
INSERT INTO CONTENT_ACTOR (CONTENT_ID, ACTOR_ID) VALUES (39,58);
INSERT INTO CONTENT_ACTOR (CONTENT_ID, ACTOR_ID) VALUES (39,59);
INSERT INTO CONTENT_ACTOR (CONTENT_ID, ACTOR_ID) VALUES (40,13);
INSERT INTO CONTENT_ACTOR (CONTENT_ID, ACTOR_ID) VALUES (40,61);
INSERT INTO CONTENT_ACTOR (CONTENT_ID, ACTOR_ID) VALUES (40,26);
INSERT INTO CONTENT_ACTOR (CONTENT_ID, ACTOR_ID) VALUES (40,60);

--Testaccount
INSERT INTO ACCOUNT (ID,USER_NAME,PASSWORD,EMAIL,FIRST_NAME,LAST_NAME)
VALUES (1,'MichaëlC','test','r0333121@student.thomasmore.be','Michaël','Cornelis');

INSERT INTO REVIEW (ID,CONTENT_ID,ACCOUNT_ID,REVIEW_TEXT,SCORE)
VALUES (2,10,1,'Poor casting!',4);

INSERT INTO PLATFORM (ID,NAME,DESCRIPTION,UNIQUE_SELLING_POINT,MONTHLY_PRICE,YEARLY_SUBSCRIPTION_POSSIBLE,YEARLY_PRICE)
VALUES (1,'Streamio','Popular Streaming platform with tv shows and movies.','Primetime movies',9.99,true,79.99);

INSERT INTO CONTENT_PLATFORM (PLATFORM_ID,CONTENT_ID) VALUES  (1,1);
INSERT INTO CONTENT_PLATFORM (PLATFORM_ID,CONTENT_ID) VALUES  (1,2);
INSERT INTO CONTENT_PLATFORM (PLATFORM_ID,CONTENT_ID) VALUES  (1,3);
INSERT INTO CONTENT_PLATFORM (PLATFORM_ID,CONTENT_ID) VALUES  (1,4);
INSERT INTO CONTENT_PLATFORM (PLATFORM_ID,CONTENT_ID) VALUES  (1,5);
INSERT INTO CONTENT_PLATFORM (PLATFORM_ID,CONTENT_ID) VALUES  (1,6);
INSERT INTO CONTENT_PLATFORM (PLATFORM_ID,CONTENT_ID) VALUES  (1,7);
INSERT INTO CONTENT_PLATFORM (PLATFORM_ID,CONTENT_ID) VALUES  (1,8);
INSERT INTO CONTENT_PLATFORM (PLATFORM_ID,CONTENT_ID) VALUES  (1,9);
INSERT INTO CONTENT_PLATFORM (PLATFORM_ID,CONTENT_ID) VALUES  (1,10);

INSERT INTO ACCOUNT_PLATFORM (ACCOUNT_ID,PLATFORM_ID) VALUES (1,1);
